timestamp,epoch_time,open,high,low,close,volume
2025-10-03 03:45:00,1759463100.0,1851.2,1858.8,1851.2,1855.0,189384.0
2025-10-03 03:46:00,1759463160.0,1854.8,1855.0,1853.7,1854.4,82988.0
2025-10-03 03:47:00,1759463220.0,1854.0,1854.4,1852.0,1852.6,79965.0
2025-10-03 03:48:00,1759463280.0,1852.1,1852.1,1848.1,1851.1,104157.0
2025-10-03 03:49:00,1759463340.0,1851.0,1854.9,1851.0,1854.9,32646.0
2025-10-03 03:50:00,1759463400.0,1854.8,1855.7,1853.5,1854.2,19287.0
2025-10-03 03:51:00,1759463460.0,1854.2,1856.7,1854.0,1856.7,20609.0
2025-10-03 03:52:00,1759463520.0,1856.7,1856.7,1854.2,1855.6,12390.0
2025-10-03 03:53:00,1759463580.0,1856.6,1862.3,1856.4,1861.6,20656.0
2025-10-03 03:54:00,1759463640.0,1862.0,1863.0,1861.0,1861.0,38014.0
2025-10-03 03:55:00,1759463700.0,1861.4,1862.7,1860.7,1862.1,28253.0
2025-10-03 03:56:00,1759463760.0,1862.1,1862.9,1859.2,1859.6,18057.0
2025-10-03 03:57:00,1759463820.0,1859.6,1862.0,1859.6,1859.8,24226.0
2025-10-03 03:58:00,1759463880.0,1859.8,1863.8,1859.8,1863.8,8801.0
2025-10-03 03:59:00,1759463940.0,1864.0,1864.9,1862.8,1863.3,8055.0
2025-10-03 04:00:00,1759464000.0,1863.4,1864.9,1863.0,1863.0,11397.0
2025-10-03 04:01:00,1759464060.0,1863.1,1863.1,1860.4,1862.6,14066.0
2025-10-03 04:02:00,1759464120.0,1862.6,1864.8,1862.3,1864.0,7963.0
2025-10-03 04:03:00,1759464180.0,1864.0,1864.0,1862.4,1862.4,6751.0
2025-10-03 04:04:00,1759464240.0,1862.3,1862.5,1861.0,1861.1,9233.0
2025-10-03 04:05:00,1759464300.0,1861.1,1862.7,1861.0,1862.2,6486.0
2025-10-03 04:06:00,1759464360.0,1863.9,1864.8,1863.3,1863.3,5574.0
2025-10-03 04:07:00,1759464420.0,1863.6,1863.6,1862.0,1863.1,7100.0
2025-10-03 04:08:00,1759464480.0,1863.2,1864.6,1863.2,1864.3,5806.0
2025-10-03 04:09:00,1759464540.0,1863.7,1864.8,1863.5,1864.0,5916.0
2025-10-03 04:10:00,1759464600.0,1864.7,1866.0,1864.0,1865.6,5576.0
2025-10-03 04:11:00,1759464660.0,1865.9,1865.9,1865.4,1865.5,4561.0
2025-10-03 04:12:00,1759464720.0,1865.5,1865.5,1865.0,1865.3,6248.0
2025-10-03 04:13:00,1759464780.0,1865.3,1867.0,1865.2,1867.0,5548.0
2025-10-03 04:14:00,1759464840.0,1867.0,1867.1,1866.9,1867.0,7367.0
2025-10-03 04:15:00,1759464900.0,1867.0,1867.0,1866.5,1866.5,4424.0
2025-10-03 04:16:00,1759464960.0,1866.5,1866.5,1864.9,1865.5,5051.0
2025-10-03 04:17:00,1759465020.0,1865.2,1866.0,1865.0,1865.9,9898.0
2025-10-03 04:18:00,1759465080.0,1865.9,1865.9,1865.4,1865.5,5397.0
2025-10-03 04:19:00,1759465140.0,1865.7,1865.7,1864.2,1864.9,6324.0
2025-10-03 04:20:00,1759465200.0,1864.9,1865.1,1864.6,1864.8,8125.0
2025-10-03 04:21:00,1759465260.0,1865.0,1866.2,1864.8,1866.0,4928.0
2025-10-03 04:22:00,1759465320.0,1866.0,1866.5,1865.9,1866.5,6802.0
2025-10-03 04:23:00,1759465380.0,1866.3,1867.6,1866.2,1867.4,5385.0
2025-10-03 04:24:00,1759465440.0,1867.4,1869.0,1867.3,1869.0,6611.0
2025-10-03 04:25:00,1759465500.0,1869.0,1869.0,1868.0,1868.8,6937.0
2025-10-03 04:26:00,1759465560.0,1868.8,1872.0,1868.8,1871.3,11751.0
2025-10-03 04:27:00,1759465620.0,1871.4,1872.8,1871.4,1872.2,7472.0
2025-10-03 04:28:00,1759465680.0,1872.4,1872.6,1871.7,1871.9,5785.0
2025-10-03 04:29:00,1759465740.0,1872.4,1873.8,1872.0,1872.7,13879.0
2025-10-03 04:30:00,1759465800.0,1872.6,1872.7,1870.0,1870.6,9626.0
2025-10-03 04:31:00,1759465860.0,1870.5,1872.4,1870.1,1872.4,8899.0
2025-10-03 04:32:00,1759465920.0,1872.4,1872.5,1871.8,1872.0,5048.0
2025-10-03 04:33:00,1759465980.0,1872.0,1872.0,1871.2,1871.7,4274.0
2025-10-03 04:34:00,1759466040.0,1871.7,1872.4,1871.1,1872.0,9320.0
2025-10-03 04:35:00,1759466100.0,1872.4,1872.4,1870.0,1870.9,7735.0
2025-10-03 04:36:00,1759466160.0,1870.9,1871.8,1870.5,1871.0,4068.0
2025-10-03 04:37:00,1759466220.0,1871.6,1871.8,1871.1,1871.3,4759.0
2025-10-03 04:38:00,1759466280.0,1871.3,1872.1,1870.4,1872.1,7096.0
2025-10-03 04:39:00,1759466340.0,1872.1,1872.3,1870.9,1871.2,4308.0
2025-10-03 04:40:00,1759466400.0,1871.2,1871.2,1870.4,1870.8,4880.0
2025-10-03 04:41:00,1759466460.0,1870.8,1872.3,1870.5,1872.3,10045.0
2025-10-03 04:42:00,1759466520.0,1872.3,1872.8,1872.0,1872.6,3206.0
2025-10-03 04:43:00,1759466580.0,1872.7,1873.5,1871.4,1872.2,9699.0
2025-10-03 04:44:00,1759466640.0,1872.3,1872.9,1871.3,1872.0,7379.0
2025-10-03 04:45:00,1759466700.0,1872.0,1872.0,1871.3,1871.9,4171.0
2025-10-03 04:46:00,1759466760.0,1871.6,1871.7,1870.2,1870.3,6568.0
2025-10-03 04:47:00,1759466820.0,1870.2,1870.9,1869.5,1870.9,7471.0
2025-10-03 04:48:00,1759466880.0,1870.9,1871.0,1869.5,1870.5,4199.0
2025-10-03 04:49:00,1759466940.0,1870.3,1870.5,1869.9,1870.3,3312.0
2025-10-03 04:50:00,1759467000.0,1870.3,1870.3,1868.9,1869.2,4521.0
2025-10-03 04:51:00,1759467060.0,1869.1,1870.0,1869.1,1869.7,7149.0
2025-10-03 04:52:00,1759467120.0,1869.9,1869.9,1869.6,1869.6,2731.0
2025-10-03 04:53:00,1759467180.0,1869.7,1869.8,1869.3,1869.5,3505.0
2025-10-03 04:54:00,1759467240.0,1869.5,1869.5,1869.3,1869.4,2468.0
2025-10-03 04:55:00,1759467300.0,1869.4,1869.4,1869.3,1869.4,4056.0
2025-10-03 04:56:00,1759467360.0,1869.4,1870.9,1869.3,1870.9,7966.0
2025-10-03 04:57:00,1759467420.0,1870.9,1873.6,1870.9,1873.3,9415.0
2025-10-03 04:58:00,1759467480.0,1874.3,1875.3,1874.3,1875.2,17602.0
2025-10-03 04:59:00,1759467540.0,1875.2,1876.0,1875.1,1875.4,6585.0
2025-10-03 05:00:00,1759467600.0,1875.4,1877.2,1875.0,1876.7,14523.0
2025-10-03 05:01:00,1759467660.0,1876.9,1876.9,1875.1,1876.0,4936.0
2025-10-03 05:02:00,1759467720.0,1876.2,1878.0,1875.9,1876.4,7725.0
2025-10-03 05:03:00,1759467780.0,1877.1,1877.2,1875.6,1876.9,4421.0
2025-10-03 05:04:00,1759467840.0,1876.6,1877.0,1875.2,1876.0,5881.0
2025-10-03 05:05:00,1759467900.0,1876.0,1876.0,1875.1,1876.0,3891.0
2025-10-03 05:06:00,1759467960.0,1876.5,1877.0,1875.9,1875.9,5138.0
2025-10-03 05:07:00,1759468020.0,1876.7,1876.9,1875.9,1876.9,3328.0
2025-10-03 05:08:00,1759468080.0,1876.9,1876.9,1875.5,1875.5,6817.0
2025-10-03 05:09:00,1759468140.0,1875.9,1875.9,1875.7,1875.9,3134.0
2025-10-03 05:10:00,1759468200.0,1875.9,1875.9,1875.1,1875.1,4985.0
2025-10-03 05:11:00,1759468260.0,1875.8,1875.9,1875.6,1875.7,2675.0
2025-10-03 05:12:00,1759468320.0,1875.7,1875.9,1875.7,1875.8,4634.0
2025-10-03 05:13:00,1759468380.0,1875.7,1875.8,1875.0,1875.5,3091.0
2025-10-03 05:14:00,1759468440.0,1875.4,1875.5,1874.4,1875.1,19066.0
2025-10-03 05:15:00,1759468500.0,1875.1,1875.1,1874.9,1875.1,13313.0
2025-10-03 05:16:00,1759468560.0,1875.1,1875.1,1875.0,1875.0,4737.0
2025-10-03 05:17:00,1759468620.0,1875.1,1875.1,1872.7,1873.9,36383.0
2025-10-03 05:18:00,1759468680.0,1873.9,1875.1,1873.8,1875.0,25174.0
2025-10-03 05:19:00,1759468740.0,1875.1,1875.7,1875.0,1875.1,6897.0
2025-10-03 05:20:00,1759468800.0,1875.1,1875.1,1875.0,1875.1,4860.0
2025-10-03 05:21:00,1759468860.0,1875.1,1875.8,1874.9,1875.3,23079.0
2025-10-03 05:22:00,1759468920.0,1875.3,1875.3,1875.0,1875.0,6004.0
2025-10-03 05:23:00,1759468980.0,1875.3,1876.0,1875.0,1875.8,508882.0
2025-10-03 05:24:00,1759469040.0,1875.8,1877.2,1875.7,1876.1,7011.0
2025-10-03 05:25:00,1759469100.0,1876.2,1876.5,1876.0,1876.5,7273.0
2025-10-03 05:26:00,1759469160.0,1876.5,1876.7,1876.4,1876.4,7021.0
2025-10-03 05:27:00,1759469220.0,1876.5,1876.5,1876.2,1876.2,7472.0
2025-10-03 05:28:00,1759469280.0,1876.3,1876.5,1876.0,1876.5,3724.0
2025-10-03 05:29:00,1759469340.0,1876.4,1877.8,1876.4,1877.0,12514.0
2025-10-03 05:30:00,1759469400.0,1877.0,1877.0,1876.4,1876.9,4023.0
2025-10-03 05:31:00,1759469460.0,1877.0,1878.9,1877.0,1878.4,10287.0
2025-10-03 05:32:00,1759469520.0,1878.2,1882.0,1878.2,1880.3,24554.0
2025-10-03 05:33:00,1759469580.0,1880.0,1885.0,1880.0,1884.2,24326.0
2025-10-03 05:34:00,1759469640.0,1884.1,1884.1,1882.2,1882.6,15436.0
2025-10-03 05:35:00,1759469700.0,1882.6,1883.6,1881.2,1883.6,18145.0
2025-10-03 05:36:00,1759469760.0,1883.6,1883.6,1881.2,1881.6,11047.0
2025-10-03 05:37:00,1759469820.0,1881.7,1882.4,1881.1,1882.2,14487.0
2025-10-03 05:38:00,1759469880.0,1882.3,1882.4,1881.1,1881.1,6811.0
2025-10-03 05:39:00,1759469940.0,1881.1,1882.0,1881.1,1881.4,6110.0
2025-10-03 05:40:00,1759470000.0,1881.4,1881.4,1881.1,1881.3,5388.0
2025-10-03 05:41:00,1759470060.0,1881.4,1881.4,1881.3,1881.3,4850.0
2025-10-03 05:42:00,1759470120.0,1881.4,1881.4,1881.2,1881.2,6454.0
2025-10-03 05:43:00,1759470180.0,1881.3,1881.3,1880.1,1880.7,7835.0
2025-10-03 05:44:00,1759470240.0,1880.8,1880.8,1880.0,1880.0,8383.0
2025-10-03 05:45:00,1759470300.0,1880.1,1880.1,1879.2,1879.8,6353.0
2025-10-03 05:46:00,1759470360.0,1879.8,1880.0,1879.8,1879.9,6992.0
2025-10-03 05:47:00,1759470420.0,1880.0,1880.0,1879.9,1879.9,11363.0
2025-10-03 05:48:00,1759470480.0,1880.0,1880.0,1879.9,1879.9,10070.0
2025-10-03 05:49:00,1759470540.0,1879.9,1879.9,1879.8,1879.9,5931.0
2025-10-03 05:50:00,1759470600.0,1879.8,1879.9,1879.5,1879.7,5749.0
2025-10-03 05:51:00,1759470660.0,1879.8,1879.9,1877.8,1877.8,9489.0
2025-10-03 05:52:00,1759470720.0,1877.6,1877.7,1876.5,1876.5,9023.0
2025-10-03 05:53:00,1759470780.0,1877.0,1877.3,1876.0,1876.4,5475.0
2025-10-03 05:54:00,1759470840.0,1876.5,1876.6,1876.3,1876.3,4563.0
2025-10-03 05:55:00,1759470900.0,1876.3,1876.7,1876.3,1876.7,7031.0
2025-10-03 05:56:00,1759470960.0,1876.7,1876.7,1875.3,1876.2,10542.0
2025-10-03 05:57:00,1759471020.0,1876.0,1876.2,1875.9,1876.0,5572.0
2025-10-03 05:58:00,1759471080.0,1875.9,1877.8,1875.9,1877.6,9571.0
2025-10-03 05:59:00,1759471140.0,1877.6,1877.8,1877.5,1877.8,4271.0
2025-10-03 06:00:00,1759471200.0,1877.9,1878.0,1877.5,1877.5,8722.0
2025-10-03 06:01:00,1759471260.0,1877.4,1879.8,1877.3,1879.8,11067.0
2025-10-03 06:02:00,1759471320.0,1879.8,1879.9,1878.9,1878.9,5058.0
2025-10-03 06:03:00,1759471380.0,1879.0,1879.0,1878.0,1878.7,5906.0
2025-10-03 06:04:00,1759471440.0,1878.7,1878.8,1878.6,1878.7,4118.0
2025-10-03 06:05:00,1759471500.0,1878.8,1879.0,1878.7,1879.0,4076.0
2025-10-03 06:06:00,1759471560.0,1879.0,1879.0,1878.9,1879.0,11941.0
2025-10-03 06:07:00,1759471620.0,1879.0,1880.6,1879.0,1880.5,22344.0
2025-10-03 06:08:00,1759471680.0,1880.4,1880.5,1879.2,1879.8,5115.0
2025-10-03 06:09:00,1759471740.0,1879.9,1880.5,1879.8,1880.4,6419.0
2025-10-03 06:10:00,1759471800.0,1880.5,1880.5,1880.3,1880.3,16079.0
2025-10-03 06:11:00,1759471860.0,1880.3,1880.4,1880.1,1880.2,5861.0
2025-10-03 06:12:00,1759471920.0,1880.3,1880.3,1880.2,1880.2,6244.0
2025-10-03 06:13:00,1759471980.0,1880.3,1880.5,1880.2,1880.4,19385.0
2025-10-03 06:14:00,1759472040.0,1880.5,1881.9,1880.4,1881.9,13989.0
2025-10-03 06:15:00,1759472100.0,1881.9,1881.9,1880.1,1880.2,9331.0
2025-10-03 06:16:00,1759472160.0,1880.1,1880.4,1880.0,1880.1,4464.0
2025-10-03 06:17:00,1759472220.0,1880.2,1880.4,1880.1,1880.4,5050.0
2025-10-03 06:18:00,1759472280.0,1880.4,1880.4,1879.5,1879.6,10047.0
2025-10-03 06:19:00,1759472340.0,1879.6,1880.4,1879.6,1880.3,7598.0
2025-10-03 06:20:00,1759472400.0,1880.4,1880.4,1880.3,1880.4,3280.0
2025-10-03 06:21:00,1759472460.0,1880.4,1880.4,1879.9,1880.1,10332.0
2025-10-03 06:22:00,1759472520.0,1880.1,1880.1,1880.0,1880.1,2939.0
2025-10-03 06:23:00,1759472580.0,1880.1,1880.1,1880.0,1880.1,5517.0
2025-10-03 06:24:00,1759472640.0,1880.1,1880.5,1880.0,1880.5,8499.0
2025-10-03 06:25:00,1759472700.0,1880.5,1880.5,1880.4,1880.5,6023.0
2025-10-03 06:26:00,1759472760.0,1880.5,1880.5,1880.4,1880.5,6607.0
2025-10-03 06:27:00,1759472820.0,1880.5,1880.5,1880.4,1880.5,4329.0
2025-10-03 06:28:00,1759472880.0,1880.4,1880.5,1880.4,1880.5,6455.0
2025-10-03 06:29:00,1759472940.0,1880.5,1880.5,1880.4,1880.5,5313.0
2025-10-03 06:30:00,1759473000.0,1880.5,1880.5,1880.4,1880.5,4144.0
2025-10-03 06:31:00,1759473060.0,1880.5,1880.5,1880.4,1880.5,7946.0
2025-10-03 06:32:00,1759473120.0,1880.5,1881.8,1880.4,1881.8,10732.0
2025-10-03 06:33:00,1759473180.0,1881.8,1884.0,1881.7,1884.0,8314.0
2025-10-03 06:34:00,1759473240.0,1883.9,1884.9,1883.9,1884.9,14704.0
2025-10-03 06:35:00,1759473300.0,1885.0,1885.0,1883.8,1885.0,5716.0
2025-10-03 06:36:00,1759473360.0,1884.9,1886.7,1884.8,1886.6,11848.0
2025-10-03 06:37:00,1759473420.0,1885.8,1887.5,1885.8,1887.3,13623.0
2025-10-03 06:38:00,1759473480.0,1887.6,1887.9,1887.3,1887.4,8521.0
2025-10-03 06:39:00,1759473540.0,1887.5,1889.0,1887.5,1888.7,9160.0
2025-10-03 06:40:00,1759473600.0,1889.0,1889.0,1885.5,1885.7,15269.0
2025-10-03 06:41:00,1759473660.0,1885.9,1887.3,1885.7,1887.1,5943.0
2025-10-03 06:42:00,1759473720.0,1887.2,1887.3,1887.1,1887.2,4775.0
2025-10-03 06:43:00,1759473780.0,1887.3,1889.4,1887.2,1887.3,22441.0
2025-10-03 06:44:00,1759473840.0,1887.2,1888.0,1886.9,1888.0,6461.0
2025-10-03 06:45:00,1759473900.0,1888.0,1888.0,1885.8,1885.9,6389.0
2025-10-03 06:46:00,1759473960.0,1885.9,1885.9,1885.1,1885.5,5404.0
2025-10-03 06:47:00,1759474020.0,1885.1,1885.4,1884.7,1884.8,18029.0
2025-10-03 06:48:00,1759474080.0,1884.8,1884.8,1884.4,1884.4,3824.0
2025-10-03 06:49:00,1759474140.0,1884.4,1884.5,1884.4,1884.4,4183.0
2025-10-03 06:50:00,1759474200.0,1884.5,1884.7,1884.4,1884.7,3237.0
2025-10-03 06:51:00,1759474260.0,1884.7,1885.2,1884.6,1884.8,8248.0
2025-10-03 06:52:00,1759474320.0,1884.7,1885.1,1884.0,1884.6,6847.0
2025-10-03 06:53:00,1759474380.0,1884.6,1884.9,1883.5,1884.3,5916.0
2025-10-03 06:54:00,1759474440.0,1884.3,1884.6,1884.2,1884.6,3924.0
2025-10-03 06:55:00,1759474500.0,1884.5,1884.7,1883.4,1883.6,6120.0
2025-10-03 06:56:00,1759474560.0,1884.3,1885.7,1883.6,1885.3,6112.0
2025-10-03 06:57:00,1759474620.0,1885.5,1886.1,1884.0,1884.7,12056.0
2025-10-03 06:58:00,1759474680.0,1884.6,1885.9,1884.5,1885.5,4994.0
2025-10-03 06:59:00,1759474740.0,1885.5,1885.5,1882.9,1882.9,8133.0
2025-10-03 07:00:00,1759474800.0,1883.5,1883.8,1882.9,1883.7,4524.0
2025-10-03 07:01:00,1759474860.0,1884.0,1884.4,1884.0,1884.3,3249.0
2025-10-03 07:02:00,1759474920.0,1884.2,1884.4,1883.7,1884.0,9028.0
2025-10-03 07:03:00,1759474980.0,1884.0,1884.0,1883.4,1883.6,6391.0
2025-10-03 07:04:00,1759475040.0,1883.7,1883.8,1883.0,1883.2,5120.0
2025-10-03 07:05:00,1759475100.0,1883.1,1884.7,1882.5,1883.3,14037.0
2025-10-03 07:06:00,1759475160.0,1883.6,1884.3,1883.1,1883.4,7402.0
2025-10-03 07:07:00,1759475220.0,1883.3,1883.4,1883.3,1883.3,3158.0
2025-10-03 07:08:00,1759475280.0,1883.4,1886.0,1883.3,1886.0,21795.0
2025-10-03 07:09:00,1759475340.0,1886.0,1886.8,1884.0,1884.2,8297.0
2025-10-03 07:10:00,1759475400.0,1884.2,1884.2,1884.0,1884.1,16007.0
2025-10-03 07:11:00,1759475460.0,1884.1,1884.1,1880.4,1880.5,13155.0
2025-10-03 07:12:00,1759475520.0,1880.4,1881.8,1880.4,1881.3,5200.0
2025-10-03 07:13:00,1759475580.0,1881.3,1883.4,1881.3,1882.6,4647.0
2025-10-03 07:14:00,1759475640.0,1882.7,1883.1,1882.6,1883.1,3956.0
2025-10-03 07:15:00,1759475700.0,1883.1,1884.2,1883.0,1884.2,3689.0
2025-10-03 07:16:00,1759475760.0,1884.1,1885.2,1884.1,1885.1,6033.0
2025-10-03 07:17:00,1759475820.0,1885.2,1886.6,1885.2,1886.5,4652.0
2025-10-03 07:18:00,1759475880.0,1886.5,1886.7,1885.7,1886.4,5074.0
2025-10-03 07:19:00,1759475940.0,1886.1,1886.7,1885.1,1885.7,3850.0
2025-10-03 07:20:00,1759476000.0,1885.7,1885.9,1884.8,1885.0,7706.0
2025-10-03 07:21:00,1759476060.0,1885.5,1887.0,1884.6,1886.4,6619.0
2025-10-03 07:22:00,1759476120.0,1886.4,1887.0,1886.1,1886.6,9131.0
2025-10-03 07:23:00,1759476180.0,1886.5,1887.0,1886.0,1886.5,6630.0
2025-10-03 07:24:00,1759476240.0,1886.6,1886.8,1885.1,1885.6,7808.0
2025-10-03 07:25:00,1759476300.0,1885.8,1886.3,1885.6,1886.0,4977.0
2025-10-03 07:26:00,1759476360.0,1886.0,1886.3,1885.2,1885.6,5314.0
2025-10-03 07:27:00,1759476420.0,1885.6,1886.8,1885.5,1886.6,5136.0
2025-10-03 07:28:00,1759476480.0,1886.7,1886.8,1886.1,1886.6,5284.0
2025-10-03 07:29:00,1759476540.0,1886.7,1887.1,1886.6,1886.7,5349.0
2025-10-03 07:30:00,1759476600.0,1886.9,1886.9,1886.6,1886.8,6189.0
2025-10-03 07:31:00,1759476660.0,1886.7,1887.5,1885.8,1885.8,11870.0
2025-10-03 07:32:00,1759476720.0,1885.9,1887.2,1885.8,1886.6,6016.0
2025-10-03 07:33:00,1759476780.0,1886.6,1887.0,1886.2,1886.7,5385.0
2025-10-03 07:34:00,1759476840.0,1886.7,1887.4,1886.6,1887.1,8333.0
2025-10-03 07:35:00,1759476900.0,1887.2,1887.8,1887.2,1887.7,6798.0
2025-10-03 07:36:00,1759476960.0,1887.6,1888.6,1887.5,1888.6,17031.0
2025-10-03 07:37:00,1759477020.0,1888.5,1888.6,1886.0,1886.0,8129.0
2025-10-03 07:38:00,1759477080.0,1886.0,1887.0,1884.9,1887.0,6082.0
2025-10-03 07:39:00,1759477140.0,1887.0,1887.2,1886.4,1886.7,5592.0
2025-10-03 07:40:00,1759477200.0,1886.7,1886.7,1885.8,1886.3,5232.0
2025-10-03 07:41:00,1759477260.0,1886.4,1886.4,1886.0,1886.1,3338.0
2025-10-03 07:42:00,1759477320.0,1886.1,1887.0,1886.0,1887.0,5120.0
2025-10-03 07:43:00,1759477380.0,1887.4,1888.5,1887.3,1888.2,8272.0
2025-10-03 07:44:00,1759477440.0,1888.3,1889.0,1888.3,1889.0,3747.0
2025-10-03 07:45:00,1759477500.0,1889.5,1889.8,1888.7,1888.9,7641.0
2025-10-03 07:46:00,1759477560.0,1888.9,1890.3,1888.9,1889.7,8522.0
2025-10-03 07:47:00,1759477620.0,1889.8,1890.5,1889.3,1890.0,9584.0
2025-10-03 07:48:00,1759477680.0,1890.1,1890.6,1889.9,1890.0,9448.0
2025-10-03 07:49:00,1759477740.0,1890.2,1890.3,1889.1,1889.3,4671.0
2025-10-03 07:50:00,1759477800.0,1889.2,1889.3,1888.0,1888.2,6002.0
2025-10-03 07:51:00,1759477860.0,1888.4,1889.4,1888.4,1889.1,6670.0
2025-10-03 07:52:00,1759477920.0,1889.1,1889.3,1888.6,1888.8,7151.0
2025-10-03 07:53:00,1759477980.0,1888.8,1890.0,1888.7,1889.8,6031.0
2025-10-03 07:54:00,1759478040.0,1889.9,1889.9,1888.0,1888.8,4540.0
2025-10-03 07:55:00,1759478100.0,1888.9,1889.3,1888.2,1888.2,4189.0
2025-10-03 07:56:00,1759478160.0,1888.3,1888.9,1888.0,1888.8,15160.0
2025-10-03 07:57:00,1759478220.0,1888.8,1888.8,1888.1,1888.3,5653.0
2025-10-03 07:58:00,1759478280.0,1888.2,1888.3,1888.0,1888.0,6272.0
2025-10-03 07:59:00,1759478340.0,1888.0,1888.1,1888.0,1888.1,7165.0
2025-10-03 08:00:00,1759478400.0,1888.0,1888.2,1887.7,1888.0,10412.0
2025-10-03 08:01:00,1759478460.0,1888.2,1889.1,1888.2,1889.1,6023.0
2025-10-03 08:02:00,1759478520.0,1889.1,1890.1,1889.0,1890.0,8005.0
2025-10-03 08:03:00,1759478580.0,1890.0,1890.3,1890.0,1890.2,4235.0
2025-10-03 08:04:00,1759478640.0,1890.3,1890.7,1890.0,1890.5,9509.0
2025-10-03 08:05:00,1759478700.0,1890.6,1890.9,1890.5,1890.5,3504.0
2025-10-03 08:06:00,1759478760.0,1890.8,1892.7,1890.8,1892.2,8147.0
2025-10-03 08:07:00,1759478820.0,1892.3,1892.6,1890.3,1890.3,8610.0
2025-10-03 08:08:00,1759478880.0,1890.3,1890.4,1889.7,1890.1,16444.0
2025-10-03 08:09:00,1759478940.0,1890.1,1890.1,1888.0,1888.0,49040.0
2025-10-03 08:10:00,1759479000.0,1888.3,1890.0,1888.1,1889.1,12873.0
2025-10-03 08:11:00,1759479060.0,1889.2,1889.9,1888.7,1889.6,3576.0
2025-10-03 08:12:00,1759479120.0,1889.7,1890.1,1889.6,1890.0,5526.0
2025-10-03 08:13:00,1759479180.0,1890.1,1890.1,1888.8,1889.5,5784.0
2025-10-03 08:14:00,1759479240.0,1889.6,1889.6,1889.5,1889.5,2787.0
2025-10-03 08:15:00,1759479300.0,1889.6,1891.0,1889.5,1890.6,5576.0
2025-10-03 08:16:00,1759479360.0,1890.6,1891.0,1890.0,1890.3,10718.0
2025-10-03 08:17:00,1759479420.0,1890.2,1890.3,1888.3,1888.3,5440.0
2025-10-03 08:18:00,1759479480.0,1888.6,1888.6,1888.0,1888.0,5150.0
2025-10-03 08:19:00,1759479540.0,1888.1,1888.6,1887.6,1888.0,17963.0
2025-10-03 08:20:00,1759479600.0,1888.1,1888.1,1888.0,1888.0,4545.0
2025-10-03 08:21:00,1759479660.0,1888.0,1888.1,1887.4,1887.6,9936.0
2025-10-03 08:22:00,1759479720.0,1887.6,1887.6,1886.5,1886.6,4220.0
2025-10-03 08:23:00,1759479780.0,1886.6,1886.6,1886.5,1886.5,3434.0
2025-10-03 08:24:00,1759479840.0,1886.6,1886.7,1886.5,1886.7,6984.0
2025-10-03 08:25:00,1759479900.0,1886.7,1887.9,1886.7,1887.9,4013.0
2025-10-03 08:26:00,1759479960.0,1887.8,1888.1,1887.4,1887.9,6378.0
2025-10-03 08:27:00,1759480020.0,1888.0,1888.6,1887.9,1888.6,5210.0
2025-10-03 08:28:00,1759480080.0,1888.6,1888.7,1887.8,1887.8,4762.0
2025-10-03 08:29:00,1759480140.0,1887.9,1889.2,1887.0,1889.0,4896.0
2025-10-03 08:30:00,1759480200.0,1888.7,1888.9,1887.6,1888.5,6404.0
2025-10-03 08:31:00,1759480260.0,1888.5,1888.9,1887.8,1888.8,5848.0
2025-10-03 08:32:00,1759480320.0,1888.9,1889.3,1888.2,1888.5,6339.0
2025-10-03 08:33:00,1759480380.0,1888.5,1888.8,1887.8,1887.8,7704.0
2025-10-03 08:34:00,1759480440.0,1887.9,1888.0,1887.2,1887.7,6527.0
2025-10-03 08:35:00,1759480500.0,1887.6,1887.7,1886.6,1886.7,6894.0
2025-10-03 08:36:00,1759480560.0,1886.8,1886.9,1886.6,1886.9,2928.0
2025-10-03 08:37:00,1759480620.0,1886.9,1886.9,1886.0,1886.1,6184.0
2025-10-03 08:38:00,1759480680.0,1886.1,1886.2,1885.0,1886.1,8844.0
2025-10-03 08:39:00,1759480740.0,1886.2,1886.2,1884.9,1885.4,4346.0
2025-10-03 08:40:00,1759480800.0,1885.4,1885.5,1885.3,1885.4,3327.0
2025-10-03 08:41:00,1759480860.0,1885.4,1886.2,1885.4,1885.9,9638.0
2025-10-03 08:42:00,1759480920.0,1886.0,1886.0,1884.7,1884.7,9078.0
2025-10-03 08:43:00,1759480980.0,1884.7,1884.7,1884.3,1884.4,4780.0
2025-10-03 08:44:00,1759481040.0,1884.5,1885.0,1883.7,1884.0,7520.0
2025-10-03 08:45:00,1759481100.0,1884.0,1885.4,1883.3,1885.3,16056.0
2025-10-03 08:46:00,1759481160.0,1885.3,1885.3,1883.5,1883.8,29004.0
2025-10-03 08:47:00,1759481220.0,1883.9,1886.0,1883.8,1886.0,6073.0
2025-10-03 08:48:00,1759481280.0,1885.8,1885.9,1883.5,1883.9,10995.0
2025-10-03 08:49:00,1759481340.0,1883.9,1884.8,1883.2,1884.2,6428.0
2025-10-03 08:50:00,1759481400.0,1884.5,1884.8,1884.0,1884.8,4991.0
2025-10-03 08:51:00,1759481460.0,1884.7,1885.5,1884.5,1884.5,8143.0
2025-10-03 08:52:00,1759481520.0,1885.3,1885.3,1884.4,1884.9,4030.0
2025-10-03 08:53:00,1759481580.0,1884.9,1884.9,1884.4,1884.8,5699.0
2025-10-03 08:54:00,1759481640.0,1884.9,1885.1,1883.8,1883.9,7893.0
2025-10-03 08:55:00,1759481700.0,1883.9,1883.9,1883.5,1883.9,4103.0
2025-10-03 08:56:00,1759481760.0,1883.9,1885.3,1883.8,1884.6,5449.0
2025-10-03 08:57:00,1759481820.0,1885.1,1886.2,1885.1,1885.9,6011.0
2025-10-03 08:58:00,1759481880.0,1886.0,1887.0,1885.9,1887.0,4644.0
2025-10-03 08:59:00,1759481940.0,1887.0,1887.4,1886.4,1886.5,10507.0
2025-10-03 09:00:00,1759482000.0,1886.5,1887.8,1886.5,1887.7,8741.0
2025-10-03 09:01:00,1759482060.0,1887.7,1887.7,1886.5,1886.7,18077.0
2025-10-03 09:02:00,1759482120.0,1886.7,1887.7,1886.6,1887.7,6615.0
2025-10-03 09:03:00,1759482180.0,1887.7,1887.8,1886.5,1887.6,17795.0
2025-10-03 09:04:00,1759482240.0,1887.6,1888.7,1887.4,1888.1,7086.0
2025-10-03 09:05:00,1759482300.0,1888.2,1888.7,1888.1,1888.4,7874.0
2025-10-03 09:06:00,1759482360.0,1888.6,1889.9,1888.3,1889.8,10428.0
2025-10-03 09:07:00,1759482420.0,1889.8,1890.5,1888.6,1888.6,21067.0
2025-10-03 09:08:00,1759482480.0,1888.7,1889.1,1888.7,1889.1,6417.0
2025-10-03 09:09:00,1759482540.0,1889.1,1889.5,1888.9,1888.9,8193.0
2025-10-03 09:10:00,1759482600.0,1889.0,1890.2,1889.0,1890.2,13382.0
2025-10-03 09:11:00,1759482660.0,1890.1,1890.6,1890.0,1890.6,8701.0
2025-10-03 09:12:00,1759482720.0,1890.8,1891.3,1890.7,1891.2,7144.0
2025-10-03 09:13:00,1759482780.0,1891.3,1891.3,1889.9,1890.7,12746.0
2025-10-03 09:14:00,1759482840.0,1890.6,1891.0,1890.4,1891.0,3410.0
2025-10-03 09:15:00,1759482900.0,1891.0,1892.1,1890.9,1891.1,19426.0
2025-10-03 09:16:00,1759482960.0,1890.7,1890.7,1890.2,1890.7,20182.0
2025-10-03 09:17:00,1759483020.0,1890.7,1891.5,1890.6,1891.4,7261.0
2025-10-03 09:18:00,1759483080.0,1891.5,1892.2,1891.4,1892.2,13588.0
2025-10-03 09:19:00,1759483140.0,1892.1,1892.3,1889.5,1889.5,27848.0
2025-10-03 09:20:00,1759483200.0,1889.9,1890.0,1889.0,1889.0,8566.0
2025-10-03 09:21:00,1759483260.0,1889.0,1890.8,1888.9,1890.4,17449.0
2025-10-03 09:22:00,1759483320.0,1890.5,1891.6,1890.4,1891.3,13899.0
2025-10-03 09:23:00,1759483380.0,1891.4,1891.9,1890.9,1891.4,28878.0
2025-10-03 09:24:00,1759483440.0,1891.5,1891.8,1890.9,1891.7,7814.0
2025-10-03 09:25:00,1759483500.0,1891.7,1891.8,1890.3,1890.4,18185.0
2025-10-03 09:26:00,1759483560.0,1890.4,1890.5,1890.1,1890.5,11703.0
2025-10-03 09:27:00,1759483620.0,1890.5,1890.5,1890.4,1890.5,5239.0
2025-10-03 09:28:00,1759483680.0,1890.4,1891.4,1890.4,1891.3,5593.0
2025-10-03 09:29:00,1759483740.0,1891.3,1892.5,1891.3,1892.3,7417.0
2025-10-03 09:30:00,1759483800.0,1892.3,1892.9,1892.2,1892.7,55296.0
2025-10-03 09:31:00,1759483860.0,1892.7,1893.2,1892.7,1893.2,19764.0
2025-10-03 09:32:00,1759483920.0,1893.1,1894.2,1892.9,1894.2,35106.0
2025-10-03 09:33:00,1759483980.0,1894.2,1895.6,1894.1,1895.0,62272.0
2025-10-03 09:34:00,1759484040.0,1895.0,1897.2,1895.0,1895.9,117061.0
2025-10-03 09:35:00,1759484100.0,1895.5,1897.1,1895.5,1897.0,62067.0
2025-10-03 09:36:00,1759484160.0,1897.1,1898.6,1897.0,1898.6,85132.0
2025-10-03 09:37:00,1759484220.0,1898.5,1899.0,1898.0,1898.6,119584.0
2025-10-03 09:38:00,1759484280.0,1898.5,1900.2,1898.4,1900.1,107691.0
2025-10-03 09:39:00,1759484340.0,1900.0,1900.3,1899.2,1900.0,145312.0
2025-10-03 09:40:00,1759484400.0,1899.8,1899.9,1897.0,1897.5,51376.0
2025-10-03 09:41:00,1759484460.0,1897.7,1898.5,1897.5,1898.5,41668.0
2025-10-03 09:42:00,1759484520.0,1898.5,1898.5,1897.8,1897.8,24190.0
2025-10-03 09:43:00,1759484580.0,1897.9,1897.9,1896.3,1896.4,50670.0
2025-10-03 09:44:00,1759484640.0,1896.5,1896.5,1895.2,1895.3,39218.0
2025-10-03 09:45:00,1759484700.0,1895.2,1895.2,1894.4,1894.9,28998.0
2025-10-03 09:46:00,1759484760.0,1894.8,1896.0,1894.8,1896.0,40709.0
2025-10-03 09:47:00,1759484820.0,1896.0,1896.0,1893.8,1894.0,78246.0
2025-10-03 09:48:00,1759484880.0,1894.0,1894.0,1893.9,1893.9,53887.0
2025-10-03 09:49:00,1759484940.0,1894.0,1894.0,1893.9,1894.0,29496.0
2025-10-03 09:50:00,1759485000.0,1894.0,1894.0,1893.9,1893.9,49052.0
2025-10-03 09:51:00,1759485060.0,1894.0,1896.6,1893.9,1896.5,58532.0
2025-10-03 09:52:00,1759485120.0,1896.5,1896.9,1895.8,1896.0,51665.0
2025-10-03 09:53:00,1759485180.0,1896.0,1897.5,1895.9,1897.3,24171.0
2025-10-03 09:54:00,1759485240.0,1897.1,1899.6,1897.1,1899.2,28042.0
2025-10-03 09:55:00,1759485300.0,1899.3,1900.0,1899.3,1899.7,36253.0
2025-10-03 09:56:00,1759485360.0,1899.8,1900.0,1896.0,1896.0,42814.0
2025-10-03 09:57:00,1759485420.0,1895.8,1898.4,1895.0,1895.0,39599.0
2025-10-03 09:58:00,1759485480.0,1895.3,1896.1,1893.8,1894.0,29536.0
2025-10-03 09:59:00,1759485540.0,1894.0,1895.0,1892.1,1894.0,17947.0
